ambassador,grand 1500 dsz bsiii
ambassador,classic 2000 dsz ac ps
ambassador,grand 2000 dsz pw cl
ambassador,classic 1500 dsl ac
ashok,leyland stile le
audi,q3 2.0 tdi quattro premium plus
audi,q3 35 tdi quattro premium plus
audi,a4 1.8 tfsi
audi,q5 2.0 tdi
audi,q7 3.0 tdi quattro
audi,a3 35 tdi premium plus
audi,q5 35tdi premium plus
audi,a6 2.0 tdi technology
audi,a4 35 tdi premium plus
audi,q3 35 tdi quattro technology
audi,a3 40 tfsi premium
audi,q7 3.0 tdi quattro premium plus
audi,q5 3.0 tdi quattro
audi,a6 2.0 tdi  design edition
audi,a4 2.0 tdi 177 bhp premium plus
audi,a6 35 tfsi matrix
audi,q5 45 tdi quattro technology
audi,a4 2.0 tdi
audi,q7 35 tdi quattro premium
audi,a6 2.0 tdi premium plus
audi,a6 2.0 tdi
bmw,x4 m sport x xdrive20d
bmw,x7 xdrive 30d dpe
bmw,x3 xdrive20d
bmw,5 series 520d sport line
bmw,5 series 530d
bmw,x1 sdrive20d m sport
bmw,3 series 320d sedan
bmw,x1 sdrive20d
bmw,3 series 320d prestige
bmw,5 series 520d luxury line
bmw,6 series gt 630d luxury line
bmw,x1 sdrive 20d sportline
bmw,3 series 320d luxury line
bmw,3 series 320d highline
bmw,5 series 523i
bmw,7 series 730ld
bmw,3 series 320d luxury plus
bmw,x6 xdrive30d
bmw,3 series 320d gt luxury line
bmw,3 series 320d corporate edition
bmw,x5 3.0d
bmw,3 series 320d
bmw,3 series 320d luxury line plus
bmw,5 series 525d
bmw,5 series 520d
bmw,x1 sdrive20i xline
bmw,3 series gt luxury line
chevrolet,optra magnum 2.0 lt
chevrolet,beat diesel lt
chevrolet,tavera neo 3 9 str bsiii
chevrolet,beat diesel
chevrolet,sail lt abs
chevrolet,tavera neo ls b3 - 7(c) seats bsiii
chevrolet,spark 1.0 lt
chevrolet,captiva lt
chevrolet,cruze ltz at
chevrolet,cruze ltz
chevrolet,beat diesel ls
chevrolet,beat lt
chevrolet,sail hatchback lt abs
chevrolet,tavera b1-10 seats bsii
chevrolet,spark 1.0 e
chevrolet,optra 1.6 lt royale
chevrolet,sail hatchback 1.2
chevrolet,tavera neo 3 lt 9 seats bsiii
chevrolet,aveo u-va 1.2 ls
chevrolet,aveo u-va 1.2
chevrolet,sail 1.3 ls
chevrolet,tavera neo 3 10 seats bsiii
chevrolet,sail hatchback ls abs
chevrolet,sail 1.2 lt abs
chevrolet,optra magnum 2.0 ls
chevrolet,optra magnum 1.6 lt petrol
chevrolet,beat ls
chevrolet,sail hatchback diesel
chevrolet,spark 1.0 ls
chevrolet,tavera b2 8 seats bsiii
chevrolet,tavera neo lt-l - 9 seats bsii
chevrolet,spark 1.0 lt lpg
chevrolet,enjoy 1.3 tcdi ls 8
chevrolet,spark 1.0 ps
chevrolet,sail 1.2 ls
chevrolet,sail 1.2 ls abs
chevrolet,enjoy tcdi ltz 7 seater
chevrolet,enjoy 1.3 tcdi ls 7
chevrolet,spark 1.0
chevrolet,captiva 2.2 lt
chevrolet,tavera neo 3 ls 10 seats bsiii
chevrolet,beat diesel lt option
chevrolet,trailblazer ltz 4x2 at
chevrolet,sail hatchback petrol
chevrolet,tavera neo 3 ls 10 str
chevrolet,tavera b3 lt l1 10 seats bsiii
chevrolet,tavera neo ls b3 - 10 seats bsiii
chevrolet,tavera ls b3 10 seats bsii
chevrolet,enjoy petrol ls 7 seater
chevrolet,tavera neo 3 ls 9 str bsiii
chevrolet,spark 1.0 ps lpg
chevrolet,sail hatchback diesel base
chevrolet,enjoy 1.3 tcdi ltz 8
chevrolet,enjoy 1.3 tcdi lt 8
chevrolet,sail hatchback petrol ls abs
chevrolet,tavera neo 3 lt 9 seats bsiv
chevrolet,enjoy tcdi ls 8 seater
chevrolet,enjoy tcdi lt 7 seater
chevrolet,enjoy 1.3 tcdi ltz 7
chevrolet,spark 1.0 lt option pack w/ airbag
chevrolet,optra magnum 2.0 ls bsiii
chevrolet,optra magnum 2.0 lt bs3
chevrolet,captiva 2.2 ltz awd
chevrolet,aveo 1.4 ls
chevrolet,enjoy 1.4 ltz 7
chevrolet,aveo u-va 1.2 lt
chevrolet,sail hatchback 1.2 ls
chevrolet,cruze lt
daewoo,matiz ss
daewoo,matiz sd
datsun,go t option bsiv
datsun,redigo sv 1.0
datsun,go plus d1
datsun,redigo 1.0 s
datsun,go t bsiv
datsun,go plus d
datsun,go plus t bsiv
datsun,redigo t option
datsun,redigo sport
datsun,redigo amt 1.0 s
datsun,go a petrol
datsun,redigo 1.0 t option
datsun,redigo s
datsun,go d petrol
datsun,go d
datsun,go plus t vdc
datsun,go plus t option bsiv
datsun,go a eps
datsun,go plus anniversary edition
datsun,go anniversary edition
datsun,go t petrol
datsun,redigo t
datsun,go a option petrol
datsun,go t option
datsun,redigo a
datsun,go plus t
datsun,go plus a
datsun,go plus a option petrol
datsun,go a
fiat,grande punto 1.4 emotion
fiat,linea emotion (diesel)
fiat,avventura power up 1.3 emotion
fiat,grande punto evo 1.3 active
fiat,linea classic plus 1.3 multijet
fiat,grande punto active (diesel)
fiat,punto evo 1.3 emotion
fiat,punto pure 1.2l fire
fiat,grande punto evo 1.3 dynamic
fiat,linea 1.3 multijet active
fiat,grande punto 1.3 dynamic (diesel)
fiat,grande punto sport 90bhp
fiat,grande punto 1.3 emotion (diesel)
fiat,linea emotion
fiat,punto 1.2 active
fiat,linea 1.3 multijet emotion
fiat,avventura multijet emotion
fiat,grande punto 1.3 emotion pack 90hp (diesel)
fiat,linea 1.3 active
fiat,avventura power up 1.3 active
fiat,linea classic 1.3 multijet
fiat,grande punto evo 1.2 dynamic
force,gurkha hard top bs3 4wd
force,one sx abs 7 seating
force,one ex
ford,fiesta 1.4 zxi duratec
ford,freestyle titanium petrol bsiv
ford,freestyle trend petrol bsiv
ford,figo diesel zxi
ford,ecosport 1.5 diesel titanium plus bsiv
ford,figo diesel titanium
ford,ecosport 1.5 tdci titanium plus bsiv
ford,endeavour hurricane limited edition
ford,figo aspire 1.5 tdci ambiente
ford,ikon 1.6 exi nxt
ford,ecosport 1.5 tdci titanium bsiv
ford,figo 1.2p trend mt
ford,fiesta classic 1.4 duratorq clxi
ford,fiesta 1.4 duratorq exi
ford,figo diesel lxi
ford,endeavour 2.5l 4x2
ford,aspire trend plus
ford,figo aspire 1.2 ti-vct titanium
ford,ecosport 1.5 diesel titanium
ford,ecosport 1.5 ti vct at titanium
ford,freestyle trend diesel bsiv
ford,ecosport 1.5 diesel titanium bsiv
ford,figo 1.5d trend mt
ford,figo aspire 1.5 tdci titanium
ford,figo diesel celebration edition
ford,fusion 1.4 tdci diesel
ford,endeavour 2.5l 4x2 mt
ford,aspire titanium bsiv
ford,figo 1.5d titanium mt
ford,fiesta 1.5 tdci titanium
ford,ecosport 1.5 diesel trend bsiv
ford,figo aspire titanium diesel
ford,ikon 1.4 tdci duratorq
ford,figo petrol zxi
ford,fiesta 1.4 zxi tdci le
ford,ikon 1.6 really sport
ford,ecosport 1.5 tdci platinum edition bsiv
ford,figo 1.2p titanium mt
ford,fiesta 1.6 zxi abs
ford,fiesta 1.4 tdci exi
ford,fiesta 1.4 sxi tdci abs
ford,ecosport 1.5 tdci ambiente bsiv
ford,figo 1.5d base mt
ford,figo diesel exi option
ford,figo diesel exi
ford,ecosport sports diesel
ford,endeavour 4x2 xlt limited edition
ford,figo petrol lxi
ford,figo 1.2p ambiente mt
ford,ecosport 1.5 ti vct mt titanium bsiv
ford,figo aspire 1.5 tdci trend
ford,figo 1.2p titanium plus mt
ford,ecosport 1.0 ecoboost titanium optional
ford,ecosport 1.5 diesel ambiente bsiv
ford,ecosport 1.5 tdci titanium plus be bsiv
ford,figo 1.5 sports edition mt
ford,figo petrol exi
ford,fiesta 1.4 duratec exi limited edition
ford,classic 1.6 duratec clxi
ford,fiesta 1.4 duratec zxi
ford,fiesta 1.6 duratec exi
ford,ecosport 1.5 diesel trend
ford,figo 1.5p titanium at
ford,fiesta 1.5 tdci trend
ford,figo aspire 1.2 ti-vct trend
ford,fiesta 1.4 duratec exi
ford,figo 1.2p sports edition mt
ford,figo aspire 1.5 tdci sports edition
ford,classic 1.4 duratorq clxi
ford,freestyle titanium diesel
ford,classic 1.6 duratec lxi
ford,freestyle titanium plus diesel
ford,ecosport 1.5 petrol titanium
ford,fiesta 1.4 zxi tdci abs
ford,fiesta 1.4 durasport exi
ford,fiesta classic 1.4 duratorq lxi
ford,fiesta classic 1.4 sxi duratorq
ford,ecosport 1.5 petrol titanium plus bsiv
ford,endeavour 3.2 titanium at 4x4
ford,ecosport 1.5 tdci trend plus bsiv
ford,ecosport 1.5 petrol ambiente bsiv
ford,ecosport 1.5 ti vct mt trend bsiv
ford,fiesta diesel style
ford,fiesta 1.4 duratorq zxi
ford,ikon 1.3 flair
ford,ecosport 1.5 dv5 mt titanium
ford,fiesta exi 1.4 tdci ltd
ford,fiesta 1.4 zxi tdci limited edition
ford,figo titanium diesel bsiv
ford,ecosport s diesel bsiv
ford,aspire titanium diesel bsiv
ford,ecosport 1.5 diesel trend plus bsiv
ford,figo aspire 1.5 tdci titanium opt
ford,ecosport 1.5 petrol titanium bsiv
ford,ecosport 1.5 dv5 mt trend
ford,figo 1.2p titanium opt mt
ford,freestyle titanium diesel bsiv
ford,ecosport 1.5 ti vct mt titanium
ford,fiesta titanium 1.5 tdci
ford,ecosport 1.5 tdci titanium be bsiv
ford,figo titanium diesel
ford,figo petrol titanium
ford,figo 1.5d titanium opt mt
ford,fiesta 1.5 tdci ambiente
ford,figo aspire 1.2 ti-vct sports edition
ford,endeavour 3.0l 4x2 at
ford,figo aspire 1.2 ti-vct titanium plus
ford,endeavour 2.2 titanium at 4x2
ford,fusion plus 1.4 tdci diesel
ford,classic 1.6 duratec titanium
ford,figo 1.5d ambiente mt
ford,figo aspire 1.5 ti-vct titanium
ford,aspire trend diesel bsiv
ford,freestyle titanium plus diesel bsiv
ford,ecosport 1.5 dv5 mt titanium optional
ford,freestyle trend diesel
ford,fiesta classic 1.6 duratec lxi
ford,ikon 1.6 nxt
ford,endeavour 3.0l 4x4 at
ford,fiesta classic 1.6 duratec clxi
ford,ecosport 1.5 tdci signature bsiv
ford,figo aspire titanium
ford,ecosport 1.5 ti vct at titanium be bsiv
ford,ecosport 1.5 ti vct at titanium bsiv
ford,freestyle titanium plus petrol bsiv
ford,ecosport 1.5 petrol trend bsiv
ford,ecosport 1.5 petrol ambiente
ford,figo titanium blu
ford,classic 1.4 duratorq titanium
ford,ikon 1.3 clxi
ford,fiesta classic 1.6 sxi duratec
honda,jazz v diesel
honda,jazz 1.2 v i vtec
honda,city 1.5 v mt sunroof
honda,brio v mt
honda,brio s mt
honda,jazz 1.2 s i vtec
honda,amaze e i-dtech
honda,amaze s diesel
honda,city i dtec sv
honda,city i vtec s
honda,city i dtec v
honda,city 2017-2020 vtec
honda,amaze s i-vtec
honda,city v mt
honda,city i vtec v
honda,civic 1.8 v mt
honda,jazz 1.5 vx i dtec
honda,city i-vtec s
honda,city 1.5 v mt
honda,amaze s diesel bsiv
honda,jazz 1.2 s at i vtec
honda,city i-dtec vx
honda,wr-v i-vtec vx
honda,amaze s i-dtech
honda,civic 1.8 (e) mt
honda,cr-v 2.0l 2wd at
honda,accord v6 at
honda,amaze v petrol bsiv
honda,amaze v cvt petrol bsiv
honda,amaze i-vtec privilege edition
honda,city i dtec vx
honda,city 1.5 v elegance
honda,accord 2.4 at
honda,city 1.5 exi
honda,jazz vx
honda,amaze s at i-vtech
honda,city i-vtec vx
honda,brv i-dtec v mt
honda,amaze e i-vtec
honda,brio exclusive edition
honda,city 2017-2020 gxi
honda,amaze vx i-dtec
honda,mobilio rs i dtec
honda,city e
honda,city i dtec s
honda,city 2017-2020 exi
honda,wr-v i-dtec vx
honda,city i vtec vx
honda,city 1.5 v inspire
honda,jazz vx cvt
honda,br-v i-vtec e mt
honda,city i vtec vx option bl
honda,city 1.5 s mt
honda,amaze vx petrol bsiv
honda,jazz 1.5 e i dtec
honda,accord 2.4 m/t
honda,city s
honda,civic zx
honda,jazz basic
honda,city 1.5 e mt
honda,mobilio v i dtec
honda,jazz 1.2 v at i vtec privilege
honda,wr-v i-vtec s
honda,jazz 1.5 v i dtec
honda,amaze e diesel bsiv
honda,city i vtec cvt vx
honda,brio 1.2 e mt
honda,brio e mt
honda,amaze ex i-vtech
honda,civic hybrid
honda,city corporate edition
honda,mobilio rs option i dtec
honda,civic 1.8 v mt inspire
honda,amaze s option i-dtec
honda,brv i-vtec v cvt
honda,city v at
honda,mobilio v i vtec
honda,amaze vx diesel bsiv
honda,br-v i-vtec s mt
honda,jazz 1.2 vx i vtec
honda,city 1.5 v at
honda,city i-vtec v
honda,amaze e i-dtec
honda,city i dtec e
honda,city i-vtec cvt vx
honda,civic 1.8 s mt
honda,city vx cvt
honda,city i-vtec cvt zx
honda,br-v i-dtec s mt
honda,cr-v 2.4l 4wd at avn
honda,amaze s i-dtec
honda,brv i-vtec v mt
honda,city 1.5 v mt exclusive
honda,amaze vx i-vtec
honda,jazz select edition active
honda,civic zx diesel bsiv
honda,city i-dtec zx
honda,brio 1.2 vx mt
honda,amaze sx i-dtec
honda,amaze anniversary edition
honda,amaze s i-vtech
honda,amaze s cvt petrol bsiv
honda,city 1.5 gxi
honda,jazz 1.2 v at i vtec
honda,civic 1.8 v at
honda,civic 1.8 s at
honda,cr-v 2.4 4wd at
honda,jazz 1.5 s i dtec
honda,wr-v i-dtec s
honda,mobilio s i dtec
honda,brio 1.2 s mt
honda,city i vtec cvt sv
honda,city i-dtec v
honda,accord 2.4 a/t
honda,amaze vx o idtec
honda,city i vtec sv
honda,jazz v cvt
honda,amaze s cvt i-vtec
honda,city 1.3 exi
honda,jazz 1.2 sv i vtec
honda,amaze s petrol bsiv
honda,br-v i-vtec vx mt
honda,br-v i-dtec vx mt
honda,accord 2.4 mt
honda,city i vtec vx option
honda,city i dtec vx option
honda,city 1.5 s inspire
honda,amaze e option i-dtec
honda,amaze s cvt diesel bsiv
honda,accord vti-l mt
honda,cr-v 2.4l 4wd mt
honda,jazz v
honda,city i-vtec cvt v
honda,mobilio s i vtec
honda,jazz vx diesel
honda,cr-v 2.4l 4wd at
honda,city zxi at
honda,cr-v 2.4l 4wd
honda,city i vtec e
hyundai,i20 sportz 1.4 crdi
hyundai,i10 asta
hyundai,verna 1.6 vtvt s
hyundai,i10 magna
hyundai,i10 magna 1.1l
hyundai,xcent 1.1 crdi sx
hyundai,verna 1.6 vtvt
hyundai,grand i10 1.2 kappa sportz at
hyundai,i20 magna 1.2
hyundai,eon magna plus
hyundai,i20 asta 1.4 crdi (diesel)
hyundai,i20 1.4 asta option
hyundai,i20 active 1.4
hyundai,i20 1.4 sportz
hyundai,i20 1.2 asta
hyundai,grand i10 sportz
hyundai,grand i10 1.2 kappa magna bsiv
hyundai,grand i10 1.2 crdi sportz
hyundai,eon 1.0 era plus
hyundai,i20 1.4 crdi sportz
hyundai,eon era plus
hyundai,xcent 1.2 crdi e plus
hyundai,grand i10 crdi asta option
hyundai,santro xing gls
hyundai,i10 lpg
hyundai,i20 2015-2017 sportz 1.2
hyundai,elantra gt
hyundai,i20 2015-2017 asta option 1.4 crdi
hyundai,elite i20 sportz plus dual tone bsiv
hyundai,verna 1.6 sx
hyundai,santro xing gls cng
hyundai,i20 2015-2017 magna 1.2
hyundai,tucson 2.0 e-vgt 2wd at gls
hyundai,creta 1.4 ex diesel
hyundai,grand i10 magna
hyundai,xcent 1.1 crdi sx option
hyundai,verna 1.6 crdi
hyundai,grand i10 at asta
hyundai,verna 1.6 crdi sx
hyundai,creta 1.6 crdi at sx plus
hyundai,verna crdi 1.6 sx option
hyundai,creta 1.6 crdi sx option
hyundai,accent executive cng
hyundai,verna 1.6 sx crdi (o)
hyundai,i20 asta 1.4 crdi
hyundai,verna 1.6 crdi s
hyundai,creta 1.6 crdi sx plus
hyundai,grand i10 asta option
hyundai,i20 active 1.2 sx dual tone
hyundai,eon magna plus option
hyundai,xcent 1.1 crdi s
hyundai,i20 2015-2017 sportz option 1.2
hyundai,xcent 1.2 crdi sx option
hyundai,santro xing xs
hyundai,grand i10 1.2 kappa asta
hyundai,santro xing (non-ac)
hyundai,grand i10 1.2 kappa sportz option
hyundai,i20 magna
hyundai,santro xing gl plus
hyundai,i20 active 1.4 sx
hyundai,i20 2015-2017 asta 1.4 crdi
hyundai,i10 era
hyundai,eon sportz
hyundai,verna 1.6 sx crdi (o) at
hyundai,i20 sportz 1.2
hyundai,verna 1.6 xi abs
hyundai,verna 1.4 crdi
hyundai,i20 1.2 spotz
hyundai,accent executive
hyundai,accent crdi
hyundai,i10 era 1.1
hyundai,i20 active 1.2 sx
hyundai,verna xi (petrol)
hyundai,xcent 1.2 kappa s
hyundai,creta 1.4 crdi base
hyundai,verna crdi 1.6 at sx option
hyundai,creta 1.4 crdi s
hyundai,verna vtvt 1.6 sx option
hyundai,i20 asta 1.2
hyundai,grand i10 asta
hyundai,elantra sx
hyundai,i20 1.2 magna
hyundai,i20 active 1.2 s
hyundai,creta 1.4 e plus
hyundai,i10 magna 1.2 itech se
hyundai,verna sx diesel
hyundai,accent gle
hyundai,santro xing xk erlx euroiii
hyundai,santro sportz bsiv
hyundai,i20 1.2 sportz
hyundai,grand i10 1.2 kappa magna at
hyundai,sonata 2.4l at
hyundai,santa fe 4x4
hyundai,grand i10 crdi sportz
hyundai,i20 active 1.4 s
hyundai,verna crdi sx
hyundai,i20 1.4 crdi asta
hyundai,elite i20 petrol asta
hyundai,i20 2015-2017 sportz 1.4 crdi
hyundai,i20 1.2 asta option
hyundai,verna 1.4 cx
hyundai,grand i10 1.2 crdi magna
hyundai,i20 active 1.4 sx with avn
hyundai,xcent 1.1 crdi base
hyundai,i20 sportz diesel
hyundai,verna crdi 1.6 at sx plus
hyundai,verna vtvt 1.6 sx
hyundai,grand i10 sportz celebration edition
hyundai,elite i20 sportz plus cvt bsiv
hyundai,santro magna bsiv
hyundai,grand i10 crdi magna
hyundai,grand i10 magna at
hyundai,xcent 1.1 crdi s option
hyundai,getz gls
hyundai,xcent 1.2 crdi e
hyundai,i20 asta option 1.2
hyundai,creta 1.6 sx automatic
hyundai,elantra s
hyundai,i20 magna 1.4 crdi
hyundai,i10 sportz
hyundai,elite i20 diesel sportz
hyundai,i20 active 1.4 sx dual tone
hyundai,i20 era 1.2
hyundai,verna transform crdi vgt sx abs
hyundai,grand i10 1.2 kappa sportz bsiv
hyundai,xcent 1.2 vtvt e plus
hyundai,i20 sportz option 1.2
hyundai,elite i20 petrol cvt magna executive
hyundai,creta 1.6 vtvt e plus
hyundai,i10 sportz 1.1l
hyundai,verna 1.6 vgt crdi
hyundai,verna transform sx vgt crdi
hyundai,accent dls
hyundai,santro magna amt bsiv
hyundai,santro sportz amt bsiv
hyundai,i20 1.4 asta
hyundai,i20 1.2 asta dual tone
hyundai,verna 1.6 crdi ex mt
hyundai,grand i10 1.2 crdi sportz option
hyundai,santro era
hyundai,eon era
hyundai,grand i10 1.2 kappa sportz dual tone
hyundai,i20 1.4 magna at
hyundai,elantra crdi sx
hyundai,creta 1.6 sx diesel
hyundai,xcent 1.2 kappa sx option
hyundai,verna vtvt 1.6 at sx option
hyundai,i20 magna optional 1.2
hyundai,i20 diesel asta option
hyundai,creta 1.6 crdi sx plus dual tone
hyundai,elite i20 asta option bsiv
hyundai,i20 1.2 magna executive
hyundai,i20 active sx petrol
hyundai,creta 1.6 sx
hyundai,eon d lite plus
hyundai,creta 1.6 crdi sx
hyundai,i20 asta option 1.4 crdi
hyundai,elite i20 sportz plus bsiv
hyundai,xcent 1.2 vtvt s
hyundai,eon d lite
hyundai,i20 1.4 asta (at)
hyundai,grand i10 crdi asta
hyundai,verna transform sx vtvt
hyundai,i10 magna lpg
hyundai,santro xing gls lpg
hyundai,i20 active 1.2 sx with avn
hyundai,santa fe 4x4 at
hyundai,i20 asta
hyundai,i20 era 1.4 crdi
hyundai,elite i20 sportz plus diesel
hyundai,verna transform vgt crdi
hyundai,sonata 2.4 gdi mt
hyundai,verna 1.6 vtvt at sx
hyundai,verna sx opt
hyundai,i10 sportz 1.2
hyundai,xcent 1.2 vtvt e
hyundai,i10 sportz option
hyundai,accent gle cng
hyundai,i20 asta (o)
hyundai,grand i10 sportz edition
hyundai,creta 1.6 sx option
hyundai,verna sx
hyundai,i20 magna 1.4 crdi (diesel)
hyundai,getz 1.1 gvs
hyundai,accent gls 1.6 abs
hyundai,i10 asta sunroof at
hyundai,xcent 1.2 kappa sx option at
hyundai,i20 magna optional 1.4 crdi
hyundai,i20 1.4 asta dual tone
hyundai,verna transform sx vgt crdi at bs iii
hyundai,accent viva crdi
hyundai,i20 sportz option 1.4 crdi
hyundai,santa fe 2wd mt
hyundai,xcent 1.2 kappa at sx option
hyundai,verna crdi sx abs
hyundai,i20 1.4 crdi magna
hyundai,verna crdi abs
hyundai,accent gls
hyundai,i20 asta optional with sunroof 1.2
hyundai,elite i20 magna plus bsiv
hyundai,santro magna
hyundai,verna 1.6 vtvt s option
hyundai,creta 1.6 sx automatic diesel
hyundai,verna 1.6 crdi s option
hyundai,santro xing gl
hyundai,grand i10 at sportz
hyundai,i20 2015-2017 magna 1.4 crdi
hyundai,i10 sportz 1.2 at
hyundai,xcent 1.2 kappa base
hyundai,i10 sportz at
hyundai,xcent 1.2 kappa s option
hyundai,verna 1.6 crdi at sx option
hyundai,i10 sportz 1.1l lpg
hyundai,eon lpg era plus
hyundai,verna crdi
hyundai,elite i20 petrol sportz
hyundai,creta 1.6 sx option executive
hyundai,verna crdi 1.4 ex
hyundai,creta 1.6 gamma sx plus
hyundai,grand i10 1.2 crdi asta
hyundai,i20 active base petrol
hyundai,xcent 1.2 vtvt sx
hyundai,elantra gls
hyundai,santro asta bsiv
hyundai,venue sx plus turbo dct bsiv
hyundai,verna crdi 1.6 sx
hyundai,eon 1.0 kappa magna plus
hyundai,creta 1.6 vtvt s
hyundai,verna s
hyundai,creta 1.6 crdi anniversary edition
hyundai,i20 2015-2017 sportz option 1.4 crdi
hyundai,elite i20 asta option cvt bsiv
hyundai,verna 1.6 vtvt sx
hyundai,eon magna optional
hyundai,i20 petrol cvt asta
hyundai,verna 1.4 vtvt
hyundai,elite i20 petrol asta option
hyundai,santro xing gl lpg
hyundai,i20 active sx diesel
hyundai,verna sx crdi at
hyundai,i20 2015-2017 asta 1.2
hyundai,elite i20 petrol magna exective
hyundai,santro xing gl plus lpg
hyundai,i20 active 1.2
hyundai,xcent 1.2 vtvt sx option
hyundai,verna transform vtvt
hyundai,i20 1.4 crdi era
hyundai,getz glx
hyundai,verna 1.6 crdi ex at
hyundai,eon 1.0 kappa magna plus optional
hyundai,i20 active s petrol
hyundai,xcent 1.2 crdi s
hyundai,elantra crdi sx option at
hyundai,i10 era 1.1 itech se
hyundai,getz 1.3 gvs
hyundai,grand i10 crdi sportz edition
hyundai,verna 1.6 sx vtvt at
hyundai,creta 1.4 crdi s plus
hyundai,getz 1.5 crdi gvs
hyundai,i20 asta (o) 1.4 crdi (diesel)
hyundai,grand i10 1.2 kappa era
hyundai,creta 1.6 crdi at s plus
hyundai,grand i10 nios sportz
hyundai,xcent 1.2 crdi sx
hyundai,xcent 1.2 vtvt s at
hyundai,accent executive lpg
hyundai,sonata crdi m/t
hyundai,elite i20 asta option diesel
hyundai,elantra crdi
hyundai,i20 sportz at 1.4
hyundai,xcent 1.2 kappa at s option
hyundai,i20 active s diesel
hyundai,tucson crdi
hyundai,grand i10 nios amt sportz
hyundai,i20 era diesel
hyundai,getz gle
hyundai,verna 1.6 sx vtvt (o)
hyundai,i20 2015-2017 asta option 1.2
hyundai,accent gls 1.6
hyundai,xcent 1.2 kappa sx
hyundai,elantra sx at
hyundai,santa fe 2wd at
hyundai,getz 1.1 gle
hyundai,eon d lite plus option
hyundai,santro xing xk erlx euro ii
hyundai,eon era plus sports edition
hyundai,sonata 2.0l crdi mt
hyundai,verna crdi 1.6 ex
hyundai,santa fe 4wd at
hyundai,venue sx plus dual tone turbo dct
hyundai,accent glx
hyundai,verna xxi abs (petrol)
hyundai,eon 1.0 magna plus option o
isuzu,d-max v-cross z prestige
isuzu,mux 2wd
isuzu,mu 7 at premium
isuzu,d-max v-cross 4x4
jaguar,xf 2.0 diesel portfolio
jaguar,xf 2.2 litre luxury
jaguar,xe 2016-2019 2.0l diesel prestige
jaguar,xf 3.0 litre s premium luxury
jaguar,xf diesel
jeep,compass 2.0 longitude option bsiv
jeep,compass 2.0 limited
jeep,compass 2.0 longitude bsiv
jeep,compass 1.4 limited plus bsiv
jeep,compass 2.0 limited plus 4x4
jeep,wrangler 2016-2019 3.6 4x4
jeep,compass 2.0 limited option
jeep,compass 1.4 limited
jeep,compass 2.0 limited 4x4
jeep,compass 1.4 sport
jeep,compass 2.0 limited option 4x4
kia,seltos hte d
kia,seltos htx plus at d
land,rover freelander 2 td4 hse
land,rover discovery sport td4 se
land,rover range rover evoque 2.2l pure
lexus,es 300h
mahindra,bolero di
mahindra,scorpio lx
mahindra,bolero slx
mahindra,xuv500 w8 2wd
mahindra,xuv500 w6 2wd
mahindra,scorpio s4 plus 4wd
mahindra,scorpio s4 plus
mahindra,xuv500 w8 4wd
mahindra,scorpio vlx 2wd abs at bsiii
mahindra,bolero zlx bsiii
mahindra,kuv 100 g80 k8 dual tone
mahindra,bolero 2011-2019 slx 2wd bsiii
mahindra,xuv300 w8 option bsiv
mahindra,bolero 2011-2019 slx
mahindra,tuv 300 plus p4 bsiv
mahindra,scorpio 2.6 slx turbo 7 seater
mahindra,bolero 2011-2019 di non ac bs iii white
mahindra,bolero 2011-2019 sle
mahindra,xuv500 w9 bsiv
mahindra,xuv500 at w10 fwd
mahindra,scorpio 1.99 s10
mahindra,scorpio s4 7 seater
mahindra,bolero slx 2wd
mahindra,tuv 300 t4 plus
mahindra,thar crde ac
mahindra,xylo e4 bs iii
mahindra,ssangyong rexton rx7
mahindra,marazzo m8
mahindra,kuv 100 mfalcon d75 k8
mahindra,scorpio vls at 2.2 mhawk
mahindra,scorpio 2.6 dx
mahindra,tuv 300 t6
mahindra,nuvosport n8 amt
mahindra,bolero 2011-2019 plus non ac bsiv ps
mahindra,bolero slx 2wd bsiii
mahindra,scorpio 2006-2009 lx 2.6 turbo 9 str
mahindra,xuv500 w10 1.99 mhawk
mahindra,scorpio slx 2.6 turbo 8 str
mahindra,bolero 2011-2019 di - ac bs iii
mahindra,scorpio sle bs iv
mahindra,xuv500 at w10 awd
mahindra,bolero 2011-2019 camper
mahindra,scorpio ex
mahindra,kuv 100 mfalcon g80 k8 dual tone
mahindra,xylo d2
mahindra,tuv 300 t8
mahindra,scorpio 1.99 s10 4wd
mahindra,kuv 100 d75 k8 dual tone
mahindra,scorpio lx 2.6 turbo
mahindra,bolero 2011-2019 zlx bsiii
mahindra,scorpio 2.6 sportz crde
mahindra,scorpio 1.99 s6 plus
mahindra,tuv 300 mhawk100 t8
mahindra,xuv500 w10 2wd
mahindra,kuv 100 g80 k6 plus
mahindra,scorpio 2009-2014 vlx 2wd 7s bsiv
mahindra,scorpio vlx 2wd bsiii
mahindra,kuv 100 d75 k8
mahindra,verito 1.5 d4 bsiii
mahindra,thar di 4x4 ps
mahindra,thar 4x4
mahindra,scorpio sle bsiii
mahindra,xylo e4 bs iv
mahindra,bolero 2011-2019 zlx
mahindra,xylo h4
mahindra,scorpio s2 7 seater
mahindra,scorpio s10 7 seater
mahindra,scorpio m2di
mahindra,tuv 300 t4
mahindra,scorpio s4 9 seater
mahindra,scorpio gateway 2wd
mahindra,bolero di dx 7 seater
mahindra,kuv 100 mfalcon d75 k6 plus
mahindra,kuv 100 mfalcon d75 k2
mahindra,verito 1.5 d6 bsiv
mahindra,xylo e4 abs bs iv
mahindra,xuv300 w8 option dual tone diesel bsiv
mahindra,thar crde
mahindra,xuv500 w11 option bsiv
mahindra,xuv500 w7 bsiv
mahindra,bolero sle
mahindra,bolero vlx crde
mahindra,xylo d4 bsiii
mahindra,scorpio slx 4wd
mahindra,bolero 2011-2019 special edition
mahindra,xuv300 w8 option diesel bsiv
mahindra,scorpio s2 9 seater
mahindra,bolero di ac bsiii
mahindra,bolero di non ac bsiii
mahindra,renault logan 1.5 dle diesel
mahindra,scorpio 2006-2009 vlx 2wd 7 str bsiii
mahindra,bolero power plus sle
mahindra,scorpio intelli hybrid s6 plus
mahindra,bolero 2011-2019 ex non ac
mahindra,tuv 300 t6 plus
mahindra,scorpio vlx 2wd airbag bsiii
mahindra,supro lx 8 str
mahindra,bolero b2
mahindra,verito 1.5 d2 bsiii
mahindra,verito 1.5 d4 bsiv
mahindra,scorpio getaway
mahindra,xuv500 w8 awd
mahindra,kuv 100 g80 k2
mahindra,scorpio s11 4wd bsiv
mahindra,scorpio 2009-2014 ex 2wd 7s
mahindra,xuv500 w4 1.99 mhawk
mahindra,bolero power plus zlx
mahindra,bolero 2011-2019 plus ac
mahindra,marazzo m2 bsiv
mahindra,scorpio slx 4wd le
mahindra,scorpio sle bsiv
mahindra,bolero di bsiii
mahindra,kuv 100 mfalcon g80 k2
mahindra,verito vibe 1.5 dci d4
mahindra,xylo d4 bsiv
mahindra,xuv500 w5 bsiv
mahindra,scorpio vlx 2wd airbag bsiv
mahindra,xuv500 at w6 2wd
mahindra,kuv 100 d75 k4 plus
mahindra,scorpio vlx 2wd airbag at bsiv
mahindra,scorpio 2009-2014 ex 9s bsiii
mahindra,verito 1.5 d2 bsiv
mahindra,bolero lx non ac bsiii
mahindra,bolero power plus lx
mahindra,bolero di dx 8 seater
mahindra,tuv 300 mhawk100 t8 dual tone
mahindra,xylo d2 bsiv
mahindra,xuv500 w11 option awd
mahindra,scorpio 2009-2014 sle 7s bsiv
mahindra,scorpio s7 120
mahindra,kuv 100 g80 k8
mahindra,scorpio 2.6 crde sle
mahindra,bolero plus ac
mahindra,xuv500 at w8 fwd
mahindra,xylo d4
mahindra,kuv 100 mfalcon d75 k6
mahindra,xuv500 w11 at bsiv
mahindra,bolero 2011-2019 plus - ac bsiii
mahindra,scorpio vlx 2wd airbag se bsiv
mahindra,marazzo m6
mahindra,xuv500 w11 bsiv
mahindra,scorpio 2.6 turbo 7 str
mahindra,bolero power plus slx
mahindra,bolero 2011-2019 plus-ac plus ps bsiii
mahindra,verito 1.6 g6 executive bsiii
mahindra,scorpio s11 bsiv
mahindra,scorpio 2.6 crde
mahindra,xuv500 w4
mahindra,xylo e4 8s
mahindra,thar di 4x4
mahindra,xylo d2 bs iv
mahindra,scorpio vlx at airbag bsiv
mahindra,marazzo m2 8str bsiv
mahindra,bolero slx 4wd bsiii
mahindra,verito 1.4 g4 bsiv
mahindra,nuvosport n8
mahindra,bolero 2011-2019 ex ac
mahindra,xylo e6
mahindra,bolero 2011-2019 di bsiii
mahindra,bolero plus ac bsiii
mahindra,scorpio 2009-2014 sle 7s bsiii
mahindra,kuv 100 mfalcon d75 k2 plus
mahindra,kuv 100 g80 k4 plus
mahindra,kuv 100 mfalcon g80 k6 aw
mahindra,scorpio s3 9 seater bsiv
mahindra,bolero power plus plus ac bsiv ps
mahindra,scorpio vlx 4wd airbag bsiv
mahindra,scorpio 1.99 s4
mahindra,bolero 2011-2019 di 4wd non ac
mahindra,scorpio 2.6 turbo 9 str
mahindra,kuv 100 mfalcon g80 k8 5str
mahindra,kuv 100 d75 k6 plus 5str
mahindra,scorpio intelli hybrid s10
mahindra,thar crde abs
mahindra,kuv 100 mfalcon g80 k8
mahindra,xylo d2 bs iii
mahindra,kuv 100 d75 k6 plus
mahindra,xuv500 at w6 1.99 mhawk
mahindra,marazzo m6 8str
mahindra,scorpio intelli hybrid s10 4wd
mahindra,kuv 100 g80 k4 plus 5str
mahindra,scorpio vls 2.2 mhawk
mahindra,tuv 300 mhawk100 t8 amt
mahindra,logan diesel 1.5 dls
mahindra,verito 1.5 d6 bsiii
mahindra,xylo e4
mahindra,bolero 2011-2019 sle bsiii
mahindra,tuv 300 t8 amt
mahindra,quanto c2
mahindra,xylo e8
mahindra,bolero 2011-2019 mhawk d70 zlx
mahindra,xylo e8 abs airbag bsiv
mahindra,bolero 2011-2019 di non ac bs iii silver
mahindra,xylo h9
mahindra,verito vibe 1.5 dci d6
mahindra,tuv 300 t6 plus amt
mahindra,xuv500 w9 2wd
mahindra,bolero xl 10 seater non ac
mahindra,scorpio 1.99 s8
mahindra,bolero 2011-2019 plus non ac
mahindra,quanto c4
mahindra,xuv300 w6 diesel bsiv
mahindra,xylo e8 abs airbag
mahindra,bolero sle bsiii
mahindra,quanto c6
mahindra,kuv 100 mfalcon g80 k8 5str aw
mahindra,logan diesel 1.5 dle
mahindra,ssangyong rexton rx5
mahindra,quanto c8
mahindra,xylo d2 maxx
mahindra,scorpio vlx 2wd bsiv
mahindra,kuv 100 mfalcon g80 k4 plus 5str
mahindra,bolero pik-up cbc 1.7t
mahindra,bolero pik-up fb 1.7t
mahindra,xuv500 at w9 2wd
mahindra,kuv 100 mfalcon d75 k4
mahindra,kuv 100 mfalcon g80 k4
mahindra,scorpio lx bsiv
mahindra,scorpio s10 4wd
mahindra,xuv500 w10 awd
mahindra,bolero b4
mahindra,scorpio 1.99 s4 plus
mahindra,tuv 300 t10
mahindra,xuv500 w7
mahindra,scorpio vlx 2wd at bsiii
mahindra,bolero power plus plus non ac bsiv ps
mahindra,renault logan 1.4 glx petrol
mahindra,xuv300 w8
mahindra,scorpio s5 bsiv
mahindra,logan petrol 1.4 gle
mahindra,scorpio 2009-2014 ex 2wd 9s
mahindra,renault logan 1.5 dlx diesel
mahindra,renault logan 1.5 diesel dlsx
mahindra,scorpio vlx 4wd airbag at bsiv
maruti,swift dzire vxi 1.2 bs iv
maruti,ritz lxi
maruti,ciaz 1.3 sigma
maruti,wagon r lxi optional
maruti,swift vxi
maruti,800 ac
maruti,vitara brezza vdi option
maruti,wagon r lxi minor
maruti,wagon r vxi bs iv
maruti,swift vdi
maruti,alto lx
maruti,eeco 5 seater ac bsiv
maruti,swift dzire zdi
maruti,swift vdi bsiii
maruti,swift dzire vdi
maruti,baleno delta
maruti,ertiga zdi
maruti,eeco cng 5 seater ac bsiv
maruti,alto lxi
maruti,baleno delta 1.2
maruti,vitara brezza ldi option
maruti,800 ac bsiii
maruti,sx4 green vxi (cng)
maruti,omni mpi std bsiii 8-str w/ immobiliser
maruti,alto lxi bsiii
maruti,ignis zeta
maruti,wagon r vxi
maruti,ciaz delta bsiv
maruti,ignis 1.2 delta bsiv
maruti,celerio vxi
maruti,alto k10 vxi
maruti,wagon r vxi bs iv with abs
maruti,a-star vxi
maruti,swift dzire vxi
maruti,800 ac bsii
maruti,alto k10 2010-2014 vxi
maruti,ciaz zxi plus
maruti,swift dzire vxi 1.2
maruti,ciaz zdi plus shvs
maruti,800 std
maruti,baleno alpha automatic
maruti,zen classic
maruti,swift vdi bsiv
maruti,baleno sigma 1.2
maruti,wagon r lxi
maruti,swift vxi bsiv
maruti,ciaz delta automatic bsiv
maruti,swift dzire zxi plus bs iv
maruti,swift dzire amt vxi
maruti,alto k10 lxi
maruti,wagon r vxi optional
maruti,ciaz vdi plus shvs
maruti,baleno rs 1.0 petrol
maruti,eeco 7 seater standard bsiv
maruti,baleno alpha 1.3
maruti,ritz vdi
maruti,sx4 zxi bsiii
maruti,s-cross 2017-2020 zeta ddis 200 sh
maruti,swift amt zxi
maruti,wagon r lx bsiii
maruti,wagon r stingray vxi optional
maruti,alto lx bsiii
maruti,ciaz vdi option shvs
maruti,alto k10 vxi ags optional
maruti,swift dzire zdi plus
maruti,ciaz s 1.3
maruti,wagon r vxi 1.2
maruti,zen lxi - bs iii
maruti,alto 800 lx
maruti,vitara brezza zdi
maruti,ciaz 1.3 zeta
maruti,ertiga vdi
maruti,zen estilo lxi green (cng)
maruti,sx4 celebration diesel
maruti,sx4 s cross 2015-2017 ddis 200 zeta
maruti,wagon r amt vxi
maruti,swift ldi bsiv
maruti,baleno zeta 1.3
maruti,baleno delta 1.3
maruti,omni e mpi std bs iv
maruti,esteem lx - bsiii
maruti,zen estilo vxi bsiii
maruti,eeco cng htr 5-str
maruti,ertiga shvs zdi plus
maruti,800 ac uniq
maruti,omni 8 seater bsiv
maruti,zen d
maruti,wagon r lxi cng
maruti,omni 8 seater bsii
maruti,swift dzire amt zdi plus
maruti,800 std bsiii
maruti,swift dzire ldi bsiv
maruti,vitara brezza zdi plus dual tone
maruti,wagon r vxi plus
maruti,celerio zxi optional
maruti,swift dzire amt zdi
maruti,swift amt zxi bsiv
maruti,celerio zdi
maruti,alto 800 lxi airbag
maruti,800 uniq
maruti,sx4 vxi bsiii
maruti,alto 800 cng lxi optional
maruti,alto 800 lxi optional
maruti,zen lxi
maruti,alto k10 vxi airbag
maruti,swift lxi option
maruti,alto 800 vxi optional
maruti,alto 800 lxi
maruti,wagon r lxi bs iv
maruti,swift vvt vxi
maruti,vitara brezza ldi
maruti,alto 800 lx optional
maruti,zen estilo lxi bs iv
maruti,wagon r lx minor
maruti,ignis 1.2 zeta bsiv
maruti,alto 800 lxi anniversary edition
maruti,omni limited edition
maruti,wagon r lxi bsiii
maruti,vitara brezza vdi
maruti,swift lxi
maruti,swift zxi bsiii
maruti,s-cross 2017-2020 delta ddis 200 sh
maruti,baleno delta automatic
maruti,celerio zxi amt bsiv
maruti,swift vdi optional
maruti,wagon r lx
maruti,sx4 zxi mt bsiv
maruti,zen estilo 1.1 vxi bsiii
maruti,baleno alpha 1.2
maruti,ignis zeta amt
maruti,swift amt vvt vxi
maruti,ciaz zdi
maruti,celerio vxi at
maruti,ciaz zxi
maruti,vitara brezza zdi plus
maruti,ertiga vxi
maruti,swift ldi bsiii
maruti,swift dzire tour s cng
maruti,swift zdi plus
maruti,swift dzire tour ldi
maruti,ertiga ldi
maruti,celerio zxi
maruti,swift vxi deca
maruti,swift vxi optional
maruti,swift dzire vdi bsiv
maruti,wagon r vxi amt opt 1.2
maruti,omni mpi std bsiv
maruti,ciaz 1.3 alpha
maruti,swift dzire ldix limited edition
maruti,ertiga lxi
maruti,ertiga bsiv vxi
maruti,ciaz vdi shvs
maruti,wagon r amt vxi plus
maruti,zen estilo 1.1 lx bsiii
maruti,ertiga shvs vdi
maruti,swift vxi bsiii
maruti,celerio zxi optional mt bsiv
maruti,ciaz 1.4 sigma
maruti,ciaz zeta diesel
maruti,swift vdi deca
maruti,omni lpg cargo bsiii w immobiliser
maruti,ertiga ldi option
maruti,omni 5 seater bsiv
maruti,esteem lxi - bsiii
maruti,swift dzire vdi optional
maruti,swift lxi bsiii
maruti,ritz ldi
maruti,swift dzire lxi
maruti,swift zxi plus
maruti,alto 800 vxi
maruti,swift lxi bsiv
maruti,swift zdi
maruti,baleno zeta automatic
maruti,swift ldi sp limited edition
maruti,swift dzire amt vxi bs iv
maruti,swift dzire ldi
maruti,swift amt zxi plus bsiv
maruti,swift dzire zxi
maruti,sx4 s cross 2015-2017 ddis 200 sigma
maruti,swift vvt zxi
maruti,sx4 s cross 2015-2017 ddis 200 alpha
maruti,s-presso vxi at
maruti,swift amt vxi
maruti,zen std
maruti,ciaz alpha diesel
maruti,wagon r lxi cng optional
maruti,800 dx
maruti,ignis 1.2 alpha bsiv
maruti,swift vdi bsiii w/ abs
maruti,zen vxi
maruti,ritz vxi
maruti,alto ax
maruti,ertiga zdi plus
maruti,alto 800 lxi bsiv
maruti,wagon r vxi opt 1.2
maruti,alto 800 vxi bsiv
maruti,swift amt zdi
maruti,celerio zxi mt bsiv
maruti,swift vxi windsong limited edition
maruti,wagon r vxi bsiii
maruti,ertiga zxi
maruti,wagon r duo lxi
maruti,celerio zxi optional amt bsiv
maruti,swift dzire ldi optional
maruti,wagon r stingray vxi
maruti,alto 800 base
maruti,800 ex 5 speed
maruti,sx4 vdi
maruti,celerio vxi mt bsiv
maruti,swift zxi bsiv
maruti,swift zxi
maruti,baleno delta diesel
maruti,alto green lxi (cng)
maruti,ciaz vdi plus
maruti,swift ldi
maruti,wagon r lxi duo bsiii
maruti,ignis 1.2 amt zeta bsiv
maruti,800 std mpfi
maruti,wagon r amt vxi option
maruti,swift zdi bsiv
maruti,ciaz zdi plus
maruti,celerio x vxi
maruti,alto std
maruti,baleno alpha
maruti,baleno sigma 1.3
maruti,swift lxi optional-o
maruti,vitara brezza zxi plus at dual tone
maruti,wagon r vxi minor
maruti,swift vxi bsiii w/ abs
maruti,celerio lxi
maruti,ritz zdi
maruti,swift dzire amt zxi plus
maruti,gypsy king st bsiii
maruti,alto k10 vxi ags
maruti,800 ac lpg
maruti,baleno alpha cvt
maruti,ertiga 1.5 zdi
maruti,celerio vdi
maruti,swift dzire 1.2 vxi bsiv
maruti,swift amt vdi
maruti,swift zxi abs
maruti,zen lx bsii
maruti,alto 800 lxi cng
maruti,swift dzire amt vdi
maruti,dzire zxi
maruti,zen estilo vxi bsiv
maruti,ritz vdi abs
maruti,swift vdi windsong limited edition
maruti,alto k10 lxi cng
maruti,baleno alpha diesel
maruti,baleno sigma
maruti,swift dzire vxi optional
maruti,eeco 5 str with ac plus htr cng
maruti,ciaz rs zxi plus
maruti,vitara brezza zdi amt
maruti,zen estilo 1.1 lxi bsiii
maruti,celerio ldi
maruti,zen estilo lxi bsiii
maruti,swift dzire amt zxi
maruti,ritz genus vdi
maruti,gypsy king soft top
maruti,sx4 zxi with leather bsiii
maruti,wagon r ax bsiii
maruti,ertiga vxi cng limited edition
maruti,wagon r lxi duo bs iv
maruti,swift dzire 1.2 lxi bsiv
maruti,sx4 zdi leather
maruti,esteem ax
maruti,alto k10 lx
maruti,celerio x zxi option bsiv
maruti,celerio vxi amt
maruti,ritz zxi
maruti,wagon r ax minor
maruti,sx4 zdi
maruti,sx4 vxi bsiv
maruti,ciaz 1.4 alpha
maruti,ertiga bsiv lxi
maruti,celerio zxi at
maruti,800 ex
maruti,ignis 1.3 amt zeta
maruti,swift dzire zxi plus
maruti,swift vxi with abs
maruti,swift zxi 2018
maruti,ciaz rs zdi plus shvs
maruti,dzire lxi
maruti,vitara brezza vdi amt
maruti,wagon r lxi lpg bsiv
maruti,alto k10 knightracer
maruti,swift vxi 2018
maruti,zen estilo lx bsiv
maruti,wagon r ax bsiv
maruti,a-star zxi
maruti,wagon r vxi amt 1.2
maruti,alto 800 cng lxi
maruti,xl6 alpha
maruti,alto 800 vxi plus
maruti,eeco smiles 7 seater standard
maruti,zen estilo sports
maruti,gypsy king soft top mpi bsiv
maruti,800 std bsii
maruti,zen vxi - bs iii
maruti,ignis 1.2 amt alpha bsiv
maruti,ertiga 1.5 vdi
maruti,zen base
maruti,ertiga shvs ldi option
maruti,ertiga zxi plus petrol
maruti,ciaz at zxi
maruti,swift dzire lxi 1.2 bs iv
maruti,swift ddis vdi
maruti,sx4 zxi at
maruti,ignis 1.2 amt delta bsiv
maruti,swift ddis ldi
maruti,zen lx
maruti,baleno zeta 1.2
maruti,eeco smiles 5 seater ac
maruti,ciaz vxi plus
maruti,800 dx 5 speed
maruti,omni e 8 str std
maruti,vitara brezza zdi plus amt dual tone
maruti,wagon r primea
maruti,swift glam
maruti,wagon r vxi bsii
maruti,baleno lxi
maruti,ritz vxi (abs) bs iv
maruti,ertiga vxi limited edition
maruti,sx4 zxi mt bsiv leather
maruti,alto k10 vxi optional
maruti,omni mpi cargo bsiv
maruti,wagon r vxi plus optional
maruti,dzire vxi
maruti,s-cross 2017-2020 sigma ddis 200 sh
maruti,celerio x zxi bsiv
maruti,swift ldi optional
maruti,wagon r cng lxi
maruti,celerio x zxi
maruti,omni 5 str std
maruti,s-cross 2017-2020 alpha ddis 200 sh
maruti,ertiga vxi petrol
maruti,wagon r ax
maruti,sx4 zxi at leather
maruti,ertiga bsiv zxi plus
maruti,a-star lxi
maruti,zen lx - bs iii
maruti,swift 1.2 dlx (only delhi)
maruti,vitara brezza zdi plus amt
maruti,swift star vdi
maruti,ignis 1.3 alpha
maruti,swift dzire vxi at
maruti,eeco cng 5 seater ac
maruti,ciaz zeta
maruti,baleno zeta
maruti,ertiga shvs zdi
maruti,esteem di
maruti,800 ex bsii
maruti,esteem vxi - bsiii
maruti,800 dx bsii
maruti,swift dzire zdi bsiv
maruti,celerio x vxi option bsiv
maruti,baleno zeta diesel
mercedes-benz,m-class ml 350 cdi
mercedes-benz,new c-class 200 k at
mercedes-benz,m-class ml 250 cdi
mercedes-benz,gl-class 220d 4matic sport
mercedes-benz,gla class 200 cdi
mercedes-benz,e-class e250 cdi elegance
mercedes-benz,e-class e250 edition e
mercedes-benz,b class b180
mercedes-benz,new c-class 220 cdi at
mercedes-benz,new c-class c 220 cdi elegance at
mercedes-benz,new c-class c 220 cdi elegance mt
mercedes-benz,new c-class c 200 avantgarde
mercedes-benz,s-class s 350 cdi
mercedes-benz,e-class e 220 cdi avantgarde
mercedes-benz,e-class e250 cdi avantgrade
mercedes-benz,gla class 200
mercedes-benz,m-class ml 350 4matic
mercedes-benz,cla 200 cgi sport
mercedes-benz,gla class 200 d sport edition
mercedes-benz,new c-class c 200 kompressor elegance mt
mercedes-benz,gla class 200 cdi sport
mercedes-benz,e-class e250 cdi avantgarde
mercedes-benz,e-class e 250 elegance
mercedes-benz,b class b180 sports
mercedes-benz,e-class e350 petrol
mercedes-benz,e-class exclusive e 200 bsiv
mercedes-benz,new c-class c 250 cdi elegance
mercedes-benz,new c-class c 220 cdi be avantgare
mercedes-benz,gl-class 350 cdi blue efficiency
mercedes-benz,e-class e270 cdi
mercedes-benz,b class b200 cdi sport
mercedes-benz,glc 220d 4matic
mercedes-benz,new c-class c 200 kompressor elegance at
mercedes-benz,gl-class 350 cdi luxury
mercedes-benz,new c-class 250 cdi classic
mg,hector sharp dct dualtone
mg,hector smart dct
mg,hector sharp at bsiv
mitsubishi,pajero sport 4x4
mitsubishi,lancer 2.0 l diesel lx
mitsubishi,lancer 2.0 lxd
mitsubishi,lancer 2.0 gld
mitsubishi,pajero sport anniversary edition
mitsubishi,pajero 2.8 sfx bsiii single tone
mitsubishi,pajero sport 4x4 dual tone
nissan,micra xv
nissan,sunny diesel xl
nissan,terrano xv 110 ps
nissan,micra diesel xv
nissan,micra diesel xv premium
nissan,terrano xl 85 ps
nissan,sunny xv d
nissan,terrano xl d option
nissan,terrano xv premium 110 ps
nissan,terrano xl plus 85 ps
nissan,teana xl
nissan,micra xv cvt
nissan,sunny xl
nissan,micra fashion edition xl cvt
nissan,sunny xv
nissan,micra active xv s
nissan,sunny diesel xv
nissan,terrano xl 110 ps
nissan,kicks xl bsiv
nissan,sunny xl at special edition
nissan,terrano xe 85 ps
nissan,micra active xl petrol
nissan,micra xl
nissan,micra xl optional
nissan,sunny xl d
nissan,kicks xv d bsiv
nissan,micra active xv
nissan,micra diesel xl optional
nissan,terrano xl
nissan,sunny xe
nissan,terrano xv d premium amt
nissan,sunny xv special edition
nissan,micra diesel xl
nissan,kicks xv bsiv
nissan,micra xe
opel,astra 1.6
renault,lodgy 85ps rxe 7 seater
renault,duster 110ps diesel rxl
renault,kwid rxt
renault,lodgy 85ps rxe
renault,kwid amt
renault,captur 1.5 diesel rxt
renault,kwid 1.0
renault,duster 110ps diesel rxz
renault,lodgy 85ps rxz
renault,duster 85ps diesel rxl plus
renault,kwid 1.0 rxt 02 anniversary edition
renault,kwid 1.0 rxt optional
renault,duster 85ps diesel rxe
renault,lodgy world edition 110ps
renault,duster 85ps diesel rxz
renault,kwid rxe
renault,kwid rxl
renault,duster rxl awd
renault,duster rxz 110ps amt bsiv
renault,kwid climber 1.0 mt
renault,kwid rxt optional
renault,kwid amt rxl
renault,duster 85ps diesel rxl optional with nav
renault,pulse rxz optional
renault,duster 110ps diesel rxz plus
renault,pulse rxz
renault,kwid climber 1.0 mt bsiv
renault,duster 4x4
renault,fluence diesel e4
renault,duster 85ps diesel rxl optional
renault,triber rxt bsiv
renault,triber rxz bsiv
renault,kwid 1.0 rxt bsiv
renault,koleos 2.0 diesel
renault,duster 85ps diesel rxl
renault,lodgy 85ps std
renault,fluence 2.0
renault,lodgy stepway 110ps rxz 7s
renault,duster adventure edition
renault,scala diesel rxe
renault,triber rxz
renault,pulse rxl
renault,kwid climber 1.0 amt
renault,kwid 1.0 rxl
renault,duster 85ps diesel std
renault,pulse rxl optional
renault,duster adventure edition rxz awd
renault,duster 85ps diesel rxs
renault,lodgy stepway 85ps rxz 8s
renault,duster 110ps diesel rxz optional with nav
renault,duster 110ps diesel rxl explore
renault,duster 110ps diesel rxl amt
renault,scala diesel rxz
renault,duster petrol rxs cvt
renault,fluence 1.5
renault,duster 85ps diesel rxl explore
renault,duster 85ps diesel rxl option
renault,scala diesel rxl
renault,duster 85ps diesel rxe adventure
renault,lodgy 85ps rxl
renault,kwid 1.0 rxt amt opt
skoda,rapid 1.6 mpi at elegance
skoda,rapid 1.6 tdi ambition plus alloy
skoda,rapid 1.6 mpi active bsiv
skoda,rapid 1.5 tdi at style plus
skoda,rapid 1.6 mpi elegance
skoda,rapid 1.6 tdi ambition plus
skoda,rapid 1.6 tdi ambition
skoda,rapid 1.5 tdi ambition
skoda,rapid ultima 1.6 tdi elegance
skoda,octavia classic 1.9 tdi mt
skoda,superb lk 1.8 tsi at
skoda,octavia style plus 2.0 tdi at
skoda,rapid 1.5 tdi ambition plus
skoda,rapid 1.6 mpi at style plus
skoda,rapid 1.6 mpi ambition
skoda,fabia 1.2 mpi ambition
skoda,rapid 1.6 tdi elegance
skoda,octavia l and k 1.9 tdi (mt)
skoda,rapid 1.5 tdi ambition bsiv
skoda,fabia 1.2 mpi ambition plus
skoda,rapid 1.5 tdi elegance black package
skoda,octavia rider 1.9 at tdi
skoda,octavia ambition 2.0 tdi mt
skoda,octavia l and k 1.9 tdi mt
skoda,fabia 1.2 tdi active plus
skoda,yeti ambition 4wd
skoda,fabia 1.2l diesel elegance
skoda,octavia rs 1.8 turbo petrol mt
skoda,kodiaq 2.0 tdi style
skoda,rapid 1.6 mpi ambition bsiv
skoda,octavia ambiente 1.9 tdi
skoda,fabia scout 1.2 tdi
skoda,octavia elegance 1.8 tsi at
skoda,laura ambiente 2.0 tdi cr mt
skoda,octavia ambiente 1.9 tdi mt
skoda,fabia 1.2l diesel ambiente
skoda,laura ambiente 1.9 pd
skoda,superb elegance 1.8 tsi at
skoda,rapid 1.5 tdi at ambition
skoda,rapid monte carlo 1.5 tdi at bsiv
skoda,rapid 1.6 mpi ambition plus
skoda,rapid 1.5 tdi elegance
skoda,rapid 1.5 tdi style plus black package
skoda,fabia 1.4 tdi ambiente
skoda,fabia 1.2 tdi ambition plus
skoda,laura ambiente
skoda,rapid 1.5 tdi at ambition plus
skoda,superb elegance 2.0 tdi cr at
skoda,rapid 1.6 mpi at ambition bsiv
skoda,rapid 1.5 tdi active
skoda,rapid 1.5 tdi at style bsiv
tata,tiago 1.05 revotorq xe
tata,bolt revotron xm
tata,indica vista aura 1.2 safire (abs) bs iv
tata,indigo cs ls (tdi) bs-iii
tata,manza aura (abs) quadrajet
tata,nexon 1.5 revotorq xm
tata,new safari dicor lx 4x2 bs iv
tata,new safari dicor 2.2 ex 4x2
tata,hexa xt
tata,tiago 1.2 revotron xz
tata,indigo ecs ls tdi bsiii
tata,manza aura (abs) safire bs iv
tata,manza aqua safire
tata,indigo cs lx (tdi) bs iii
tata,safari storme ex
tata,indica vista quadrajet ls
tata,safari dicor 2.2 lx 4x2
tata,new safari dicor 2.2 ex 4x4
tata,nexon 1.5 revotorq xt
tata,indica v2 dls bsiii
tata,indica vista tdi ls
tata,nexon 1.2 revotron xm
tata,manza aura quadrajet
tata,zest revotron 1.2 xt
tata,tiago 1.2 revotron xza
tata,indigo ls
tata,indigo cs ls (tdi) bs iii
tata,manza elan quadrajet bs iv
tata,indica vista aqua 1.4 tdi
tata,nano cx
tata,indica v2 dls tc
tata,tigor 2017-2020 xz
tata,indigo ecs vx bsiv
tata,indica v2 2001-2011 dls bsiii
tata,bolt quadrajet xe
tata,zest quadrajet 1.3 75ps xe
tata,tiago 1.2 revotron xe
tata,indigo cs lx (tdi) bs-iii
tata,manza aqua quadrajet bs iv
tata,indigo cs elx bs iv
tata,new safari dicor 2.2 vx 4x2
tata,tigor 1.05 revotorq xz
tata,hexa xe
tata,indigo ecs glx
tata,indica v2 dlx bsii
tata,indigo glx
tata,indica vista aqua 1.3 quadrajet bsiv
tata,indica vista quadrajet vx
tata,manza aqua quadrajet
tata,tiago 2019-2020 xz plus dual tone
tata,tigor 1.05 revotorq xz option
tata,nexon 1.5 revotorq xza plus dualtone
tata,tigor 2017-2020 xz plus diesel
tata,safari dicor 2.2 ex 4x2
tata,indigo ls bsii
tata,indica vista aura 1.3 quadrajet (abs) bs iv
tata,indica v2 dl bsiii
tata,indica vista terra 1.4 tdi
tata,manza club class quadrajet90 lx
tata,sumo mkii gx bs iv
tata,new safari 3l dicor lx 4x2
tata,indigo cs lx dicor
tata,indica v2 2001-2011 elx
tata,indigo cr4
tata,indigo ecs lx bsiv
tata,indica v2 dlx tc
tata,sumo gx
tata,indica vista tdi lx
tata,nexon 1.5 revotorq xz plus
tata,tiago nrg petrol
tata,indica v2 turbomax dls bs iv
tata,bolt revotron xe
tata,tiago 1.05 revotorq xz
tata,nano lx bsiv
tata,indica vista aura safire anniversary edition
tata,manza club class quadrajet90 vx
tata,manza aura plus quadrajet
tata,venture ex 7 str captain seats
tata,indica v2 1.2 gle bsiii
tata,zest revotron 1.2t xm
tata,tigor 1.2 revotron xt
tata,indica v2 dle bsiii
tata,sumo gold ex bsiii
tata,tiago 1.2 revotron xta
tata,indica vista quadrajet zx
tata,sumo cx 9 seater
tata,nexon 1.5 revotorq xz plus dual tone
tata,aria pride
tata,tiago 1.05 revotorq xm
tata,sumo cx 10 str bsiv
tata,indica v2 dlg tc
tata,new safari dicor 2.2 gx 4x2 bs iv
tata,zest quadrajet 1.3 75ps xm
tata,tigor 1.2 revotron xz
tata,tiago 1.2 revotron xm
tata,safari storme vx
tata,hexa xm
tata,indigo vs
tata,indigo lx
tata,indica v2 dls
tata,hexa xta
tata,tiago 1.2 revotron xz plus dual tone
tata,sumo gold gx
tata,new safari 4x4 exi bsiii
tata,tigor 1.2 revotron xza
tata,new safari dicor ex 4x2 bs iv
tata,tigor 2017-2020 xz plus
tata,indica vista aura 1.2 safire bsiv
tata,sumo gold ex
tata,venture ex 7 str
tata,manza aura safire
tata,new safari dicor vx 4x2
tata,nano xta
tata,nexon 1.2 revotron xz plus dual tone
tata,indigo cs egls bs iv
tata,indica vista aqua 1.3 quadrajet
tata,tiago 1.05 revotorq xt
tata,tiago xt
tata,nano cx bsiv
tata,zest quadrajet 1.3 xt
tata,indica vista quadrajet 90 vx
tata,indigo cs eglx bs iv
tata,nano std
tata,nano lx se
tata,indica vista aqua tdi bsiii
tata,aria pure lx 4x2
tata,tiago 1.2 revotron xz wo alloy
tata,manza aura plus safire
tata,tiago wizz 1.05 revotorq
tata,manza aura (abs) safire
tata,indica gls bs iv
tata,indica v2 dlx
tata,indica v2 dl
tata,indica vista terra quadrajet 1.3l bs iv
tata,tiago 1.2 revotron xt
tata,indica vista aura plus 1.3 quadrajet bs iv
tata,nano twist xt
tata,tigor 1.2 revotron xe
tata,manza club class quadrajet90 ex
tata,sumo se plus bsii
tata,sumo ex 10/7 str bsiii
tata,indica v2 lsi
tata,indica v2 glx bsiii
tata,indica v2 emax cng glx
tata,indigo ecs le tdi bsiii
tata,indigo cs ls dicor
tata,zest revotron 1.2t xms
tata,indica v2 els
tata,tiago 1.2 revotron xm option
tata,safari storme lx
tata,manza aura (abs) quadrajet bs iv
tata,xenon xt ex 4x4
tata,indigo cs evx
tata,harrier xz bsiv
tata,indica v2 exeta gls
tata,sumo mkii turbo 2.0 lx
tata,safari storme vx varicor 400
tata,nexon 1.2 revotron xza plus
tata,new safari dicor 2.2 gx 4x2
tata,indigo grand dicor
tata,nano cx bsiii
tata,zest quadrajet 1.3 xms
tata,aria prestige 4x2
tata,sumo cx
tata,nexon 1.2 revotron xz plus
tata,sumo se
tata,spacio gold-10/6 str bsii
tata,indigo tdi
tata,nano lx
tata,new safari dicor gx 4x2 bs iv
tata,nano twist xe
tata,zest quadrajet 1.3 75ps xms
tata,indica v2 dle bsii
tata,indigo cs le (tdi) bs-iii
tata,nano xe
tata,new safari dicor 2.2 vx 4x2 bs iv
tata,manza aura quadrajet bs iv
tata,indica vista quadrajet vx tech
tata,harrier xz dark edition bsiv
tata,zest quadrajet 1.3 xm
tata,sumo gold cx bsiii
tata,indigo ecs lx tdi bsiii
tata,indica vista terra tdi bsiii
tata,indica vista aura 1.2 safire (abs) 90hp bs iv
tata,tigor 1.2 revotron xz option
tata,sumo ex
tata,indigo cs gls bsiii
tata,sumo ex tc
tata,tiago 1.05 revotorq xz wo alloy
tata,tiago 2019-2020 xz plus diesel
tata,tiago 1.05 revotorq xt option
tata,sumo mkii cx bs iv
tata,indica vista terra quadrajet 1.3l
tata,indica v2 dicor dlg bs-iii
tata,new safari dicor 2.2 lx 4x2
tata,indica v2 elx
tata,venture lx 7 str
tata,xenon xt ex 4x2
tata,new safari dicor vx 4x2 bs iv
tata,winger deluxe - flat roof (non-ac)
tata,zest quadrajet 1.3 anniversary edition
tata,aria pleasure 4x2
tata,tiago 2019-2020 xz
tata,indigo gls
tata,new safari dicor 2.2 ex 4x4 bs iv
tata,indica v2 dlx bsiii
tata,manza club class quadrajet90 ls
tata,nexon 1.5 revotorq xe
tata,indica vista safire glx
tata,indigo grand petrol
tata,harrier xz
tata,bolt quadrajet xm
tata,new safari 4x2
tata,manza aura plus quadrajet bs iv
tata,harrier xz plus
tata,indigo cs els bs iv
tata,manza elan quadrajet bs iii
tata,indigo cs glx bs iii
tata,sumo gold gx bsiii
tata,indigo v bsiii
tata,nexon 1.2 revotron xe
tata,tigor 1.05 revotorq xm
tata,nexon 1.5 revotorq xza plus
tata,new safari dicor 2.2 vx 4x4
tata,indigo ecs gls
tata,tiago nrg petrol amt
tata,indica vista aura 1.3 quadrajet (abs)
tata,sumo gx 7 str bsii
toyota,etios liva gd
toyota,camry 2.5 hybrid
toyota,etios gd
toyota,etios liva vxd
toyota,corolla altis 1.8 j
toyota,etios 1.5 v
toyota,camry v4 (mt)
toyota,corolla altis 1.8 vl cvt
toyota,innova 2.5 g (diesel) 7 seater
toyota,innova crysta 2.8 zx at bsiv
toyota,innova 2.5 vx (diesel) 8 seater
toyota,corolla altis 1.8 vl at
toyota,fortuner 4x4 mt
toyota,innova 2.5 g (diesel) 8 seater bs iv
toyota,corolla altis diesel d4dj
toyota,etios liva 1.4 gd
toyota,innova 2.5 vx (diesel) 7 seater
toyota,etios vx
toyota,innova 2.5 vx (diesel) 7 seater bs iv
toyota,innova 2.5 v diesel 7-seater
toyota,innova 2.5 e 7 str
toyota,innova 2.5 g (diesel) 8 seater
toyota,innova 2.5 v diesel 8-seater
toyota,innova 2.5 gx 7 str
toyota,etios cross 1.4l gd
toyota,innova 2.5 gx (diesel) 8 seater bs iv
toyota,innova 2.5 zx diesel 7 seater bsiii
toyota,etios g
toyota,etios g safety
toyota,etios vxd
toyota,innova 2.5 ev (diesel) ps 7 seater bs iv
toyota,innova 2.5 vx 7 str
toyota,innova crysta 2.4 zx mt
toyota,innova 2.5 gx 8 str bsiv
toyota,etios vd
toyota,fortuner 3.0 diesel
toyota,etios liva g
toyota,fortuner 2.8 4wd at bsiv
toyota,innova 2.5 ev ps 8 str bsiv
toyota,innova 2.5 g (diesel) 7 seater bs iv
toyota,glanza g smart hybrid
toyota,fortuner 4x4 at
toyota,innova crysta 2.4 vx mt bsiv
toyota,innova crysta 2.4 zx mt bsiv
toyota,corolla ae
toyota,corolla altis diesel d4dg
toyota,innova crysta 2.8 gx at bsiv
toyota,innova 2.5 e diesel ps 7-seater
toyota,innova crysta 2.4 gx mt bsiv
toyota,glanza v cvt
toyota,fortuner 2.8 2wd mt
toyota,corolla altis 1.8 g cvt
toyota,fortuner 4x2 at
toyota,innova crysta 2.7 zx at bsiv
toyota,innova 2.5 gx 8 str
toyota,innova crysta 2.5 vx bs iv
toyota,fortuner 4x2 manual
toyota,etios liva diesel
toyota,fortuner 2.5 4x2 mt trd sportivo
toyota,innova 2.5 e diesel ms 7-seater
toyota,platinum etios 1.4 gxd
toyota,corolla altis js mt
toyota,etios liva gd sp
toyota,fortuner 2.8 2wd mt bsiv
toyota,yaris v cvt bsiv
toyota,glanza g cvt
toyota,innova crysta 2.4 gx mt 8s bsiv
toyota,camry w4 (at)
toyota,etios liva vd
toyota,innova 2.5 g1 diesel 8-seater
toyota,innova crysta 2.8 gx at 8s bsiv
toyota,innova 2.5 g4 diesel 7-seater
toyota,fortuner 4x2 at trd sportivo
toyota,qualis fs b3
toyota,corolla altis 1.8 g
toyota,innova 2.5 g4 diesel 8-seater
toyota,innova 2.5 gx (diesel) 8 seater
toyota,corolla h2
toyota,innova crysta 2.4 vx mt 8s bsiv
toyota,corolla altis d-4d j
toyota,corolla altis d-4d g
toyota,innova 2.5 g2
toyota,platinum etios 1.4 gd
toyota,corolla altis 1.8 sport
toyota,innova 2.5 gx (diesel) 7 seater
toyota,corolla altis g
toyota,innova crysta 2.4 zx at
toyota,corolla altis 1.4 dgl
toyota,fortuner 2.8 2wd at bsiv
toyota,innova crysta 2.4 g mt 8 str
toyota,innova 2.5 ev diesel ps 7 seater bsiii
toyota,etios liva 1.4 vd
toyota,innova 2.5 vx 8 str
toyota,innova 2.5 e diesel ms 8-seater
toyota,innova 2.5 ev (diesel) ps 8 seater bs iv
toyota,innova 2.5 z diesel 7 seater bs iv
toyota,innova crysta 2.7 gx at 8 str
toyota,innova 2.5 vx (diesel) 8 seater bs iv
toyota,innova crysta 2.4 vx mt
toyota,etios diesel trd sportivo
toyota,innova 2.5 vx 8 str bsiv
toyota,etios cross 1.2l g
toyota,land cruiser prado vx l
toyota,etios 1.4 vxd
toyota,fortuner 2.8 4wd mt bsiv
toyota,yaris v bsiv
toyota,fortuner 4x2 4 speed at
toyota,etios liva 1.2 v dual tone
toyota,innova 2.5 z diesel 7 seater
toyota,innova 2.5 ev diesel ms 7 str bsiii
toyota,corolla dx
volkswagen,polo 2015-2019 1.2 mpi highline plus
volkswagen,passat 2.0 tdi at highline
volkswagen,polo 1.5 tdi comfortline
volkswagen,vento diesel comfortline
volkswagen,jetta 2.0l tdi highline at
volkswagen,polo diesel highline 1.2l
volkswagen,vento 1.5 tdi highline
volkswagen,vento 1.5 tdi highline at
volkswagen,polo 2015-2019 1.0 mpi trendline
volkswagen,polo diesel comfortline 1.2l
volkswagen,vento 1.5 tdi highline bsiv
volkswagen,crosspolo 1.5 tdi
volkswagen,vento diesel highline
volkswagen,polo 1.0 tsi highline plus
volkswagen,polo 2015-2019 1.0 mpi highline plus
volkswagen,polo gt tsi
volkswagen,polo select 1.5 tdi highline
volkswagen,polo select 1.2 mpi highline
volkswagen,ameo 1.2 mpi highline plus 16
volkswagen,jetta 1.6 trendline
volkswagen,ameo 1.5 tdi comfortline
volkswagen,vento 1.5 highline plus at 16 alloy
volkswagen,polo gt tdi
volkswagen,polo 1.2 mpi comfortline
volkswagen,polo diesel trendline 1.2l
volkswagen,ameo 1.5 tdi comfortline at
volkswagen,vento petrol highline
volkswagen,passat 1.8 tsi mt
volkswagen,jetta 2.0l tdi comfortline
volkswagen,ameo 1.5 tdi highline plus 16 at
volkswagen,ameo 1.5 tdi highline 16 alloy
volkswagen,vento ipl ii diesel trendline
volkswagen,polo petrol trendline 1.2l
volkswagen,polo petrol comfortline 1.2l
volkswagen,ameo 1.0 mpi trendline
volkswagen,polo 2015-2019 1.0 mpi comfortline
volkswagen,vento 1.5 tdi comfortline
volkswagen,polo 2015-2019 1.5 tdi highline plus
volkswagen,polo 1.5 tdi highline
volkswagen,vento diesel trendline
volkswagen,ameo 1.2 mpi comfortline
volkswagen,vento 1.6 highline
volkswagen,polo 1.0 mpi trendline bsiv
volkswagen,vento 1.5 tdi highline plus at bsiv
volkswagen,polo gt tsi bsiv
volkswagen,polo petrol highline 1.2l
volkswagen,ameo 1.2 mpi highline
volkswagen,ameo 1.5 tdi trendline
volkswagen,jetta 2.0l tdi highline
volkswagen,polo 1.2 mpi highline
volkswagen,ameo 1.0 mpi comfortline
volkswagen,vento konekt diesel highline
volkswagen,jetta 2.0 tdi comfortline
volkswagen,gti 1.8 tsi
volkswagen,vento diesel breeze
volkswagen,vento petrol highline at
volkswagen,passat highline dsg s
volkswagen,polo 2015-2019 gt 1.5 tdi
volkswagen,ameo 1.2 mpi comfortline plus
volkswagen,ameo 1.5 tdi highline plus
volkswagen,vento petrol trendline
volkswagen,passat highline dsg s (spl. edition)
volkswagen,vento 1.5 tdi highline plus at
volvo,xc40 d4 inscription bsiv
volvo,xc60 inscription d5 bsiv
volvo,v40 d3 r-design
volvo,xc40 d4 r-design
volvo,s60 d4 summum
volvo,s90 d4 inscription bsiv
volvo,v40 cross country d3
volvo,xc90 t8 excellence bsiv
